1.56,1.66,1.98,2.085,2.173,2.26,2.285,2.361,2.474,2.498,2.708,2.658,2.949,3.136,3.47,3.571,3.602,3.534,3.659,3.807,3.856,3.895,3.955,4.086,4.129,4.14,4.135,4.054,4.04,3.985,3.929,3.967,4.015,4.026,4.116,4.186,4.281,4.329,4.417,4.408,4.386,4.317,4.197,4.073,3.968,3.974,4.03,4.137,4.273,4.491,4.592,4.616,4.694,4.871,4.842,4.752,4.71,4.694,4.643,4.687,4.768,4.772,5.037,5.183,5.2,5.255,5.405,5.35,5.405,5.387,5.499,5.489,5.447,5.46,5.456,5.463,5.455,5.431,5.342,5.383,5.399,5.388,5.38,5.356,5.377,5.355,5.358,5.392,5.288,5.194,5.196,5.196,5.147,5.147,5.134,5.063,5.039,5.046,5.022,4.959,4.961,4.922,4.918,4.936,5.002,4.936,5.103,4.991,4.698,4.691,4.635,4.607,4.522,4.505,4.489,4.377,4.29,4.269,4.116,4.019,4.057,4.013
1.623,1.723,2.009,2.155,2.409,2.459,2.654,2.897,2.857,2.868,3.029,2.919,3.22,3.317,3.482,3.654,3.63,3.571,3.702,3.826,3.856,3.901,4.059,4.156,4.137,4.141,4.135,4.052,4.04,3.986,3.924,3.971,4.081,4.07,4.174,4.252,4.316,4.363,4.421,4.41,4.395,4.324,4.2,4.072,3.97,3.974,4.028,4.146,4.291,4.556,4.641,4.664,4.741,4.882,4.855,4.755,4.718,4.698,4.643,4.7,4.791,4.84,5.073,5.246,5.256,5.348,5.409,5.412,5.456,5.444,5.524,5.513,5.447,5.478,5.482,5.462,5.458,5.428,5.337,5.393,5.402,5.39,5.382,5.36,5.381,5.361,5.349,5.384,5.293,5.204,5.193,5.207,5.141,5.145,5.121,5.044,5.031,5.042,5.007,4.958,4.959,4.918,4.913,4.934,4.959,4.935,5.09,4.946,4.656,4.678,4.622,4.58,4.511,4.503,4.473,4.358,4.285,4.254,4.101,4.004,4.052,4.004
1.746,1.837,2.062,2.222,2.591,2.686,2.97,3.273,3.309,3.308,3.293,3.219,3.352,3.442,3.516,3.707,3.651,3.605,3.72,3.835,3.855,3.913,4.116,4.189,4.142,4.145,4.137,4.06,4.04,3.997,3.929,3.977,4.168,4.16,4.269,4.318,4.348,4.38,4.433,4.422,4.411,4.328,4.208,4.068,3.974,3.977,4.028,4.158,4.309,4.572,4.692,4.727,4.773,4.891,4.859,4.767,4.727,4.699,4.643,4.712,4.807,4.933,5.128,5.294,5.277,5.41,5.416,5.483,5.515,5.531,5.56,5.527,5.454,5.492,5.505,5.487,5.483,5.415,5.341,5.398,5.407,5.404,5.401,5.371,5.387,5.369,5.351,5.378,5.311,5.226,5.194,5.216,5.147,5.148,5.108,5.038,5.031,5.039,4.997,4.961,4.958,4.914,4.913,4.936,4.933,4.958,5.078,4.866,4.646,4.656,4.607,4.545,4.509,4.506,4.433,4.324,4.269,4.217,4.091,3.988,4.046,3.996
1.906,1.981,2.151,2.315,2.692,2.897,3.189,3.416,3.498,3.627,3.503,3.44,3.469,3.547,3.545,3.734,3.686,3.641,3.755,3.859,3.862,3.926,4.15,4.223,4.159,4.154,4.145,4.081,4.041,4.009,3.943,3.985,4.234,4.239,4.338,4.375,4.367,4.393,4.442,4.441,4.42,4.333,4.234,4.081,3.986,3.994,4.046,4.171,4.322,4.581,4.722,4.759,4.788,4.901,4.874,4.785,4.735,4.698,4.649,4.718,4.821,5.005,5.166,5.3,5.293,5.425,5.421,5.518,5.557,5.593,5.592,5.555,5.478,5.491,5.515,5.509,5.478,5.404,5.35,5.399,5.414,5.416,5.415,5.386,5.395,5.376,5.355,5.378,5.325,5.247,5.2,5.21,5.15,5.145,5.087,5.038,5.03,5.04,4.988,4.964,4.954,4.914,4.918,4.94,4.868,4.978,5.067,4.794,4.641,4.631,4.592,4.507,4.51,4.494,4.381,4.277,4.249,4.17,4.074,3.97,4.038,3.976
2.108,2.156,2.267,2.46,2.817,3.113,3.396,3.521,3.597,3.771,3.622,3.587,3.571,3.635,3.589,3.758,3.735,3.69,3.803,3.876,3.883,3.943,4.167,4.234,4.184,4.167,4.159,4.105,4.046,4.015,3.964,3.996,4.271,4.299,4.385,4.409,4.384,4.413,4.457,4.468,4.438,4.357,4.265,4.138,4.03,4.039,4.088,4.191,4.34,4.595,4.742,4.785,4.808,4.914,4.89,4.806,4.766,4.722,4.67,4.74,4.836,5.041,5.198,5.309,5.313,5.435,5.429,5.538,5.592,5.642,5.621,5.576,5.51,5.5,5.523,5.527,5.449,5.399,5.361,5.403,5.421,5.429,5.428,5.401,5.403,5.38,5.366,5.39,5.341,5.261,5.207,5.206,5.154,5.145,5.082,5.042,5.028,5.045,4.983,4.966,4.948,4.915,4.925,4.945,4.754,4.967,5.059,4.769,4.611,4.6,4.575,4.474,4.502,4.464,4.338,4.238,4.241,4.126,4.023,3.948,4.024,3.947
2.349,2.396,2.41,2.635,2.985,3.294,3.557,3.719,3.757,3.86,3.748,3.671,3.616,3.712,3.636,3.79,3.777,3.765,3.844,3.894,3.919,3.97,4.186,4.252,4.204,4.188,4.174,4.143,4.074,4.03,3.988,4.009,4.293,4.342,4.402,4.429,4.405,4.426,4.472,4.49,4.461,4.397,4.297,4.184,4.084,4.063,4.108,4.218,4.369,4.609,4.752,4.798,4.823,4.932,4.901,4.84,4.801,4.76,4.695,4.767,4.845,5.058,5.213,5.322,5.321,5.436,5.444,5.547,5.618,5.675,5.631,5.582,5.55,5.515,5.545,5.538,5.409,5.39,5.37,5.404,5.426,5.436,5.438,5.413,5.411,5.389,5.383,5.408,5.352,5.272,5.22,5.213,5.157,5.152,5.077,5.043,5.034,5.055,4.982,4.971,4.943,4.911,4.931,4.95,4.631,4.921,5.053,4.76,4.561,4.545,4.559,4.457,4.487,4.427,4.311,4.209,4.229,4.088,3.965,3.922,4.003,3.918
2.634,2.668,2.569,2.845,3.21,3.428,3.656,3.877,3.86,3.925,3.846,3.738,3.666,3.791,3.688,3.818,3.825,3.903,3.881,3.916,3.946,4.004,4.198,4.272,4.219,4.207,4.191,4.17,4.113,4.05,4.008,4.022,4.294,4.362,4.419,4.444,4.427,4.44,4.489,4.509,4.485,4.437,4.337,4.231,4.143,4.12,4.133,4.25,4.395,4.617,4.749,4.793,4.829,4.942,4.914,4.85,4.826,4.79,4.725,4.791,4.856,5.062,5.222,5.327,5.332,5.428,5.452,5.547,5.64,5.707,5.646,5.602,5.592,5.565,5.573,5.466,5.344,5.369,5.37,5.402,5.424,5.441,5.446,5.426,5.417,5.402,5.398,5.413,5.366,5.295,5.228,5.223,5.163,5.165,5.078,5.043,5.042,5.066,4.985,4.977,4.943,4.911,4.936,4.954,4.508,4.867,5.038,4.757,4.517,4.498,4.543,4.446,4.473,4.379,4.293,4.186,4.219,4.069,3.928,3.897,3.978,3.901
2.93,2.945,2.747,3.077,3.445,3.525,3.72,3.932,3.922,3.956,3.928,3.791,3.74,3.85,3.753,3.863,3.886,3.974,3.91,3.934,3.974,4.038,4.212,4.285,4.233,4.224,4.212,4.198,4.145,4.071,4.019,4.033,4.294,4.362,4.431,4.454,4.451,4.456,4.499,4.526,4.499,4.464,4.364,4.265,4.187,4.148,4.173,4.283,4.419,4.625,4.753,4.789,4.826,4.936,4.926,4.863,4.847,4.824,4.76,4.818,4.86,5.064,5.226,5.314,5.332,5.419,5.459,5.549,5.659,5.718,5.672,5.609,5.602,5.58,5.579,5.386,5.264,5.344,5.374,5.397,5.42,5.44,5.451,5.442,5.424,5.421,5.383,5.376,5.384,5.318,5.237,5.231,5.174,5.176,5.082,5.047,5.056,5.074,4.991,4.985,4.95,4.924,4.945,4.953,4.42,4.795,5.002,4.757,4.496,4.474,4.527,4.439,4.457,4.317,4.291,4.167,4.217,4.035,3.894,3.877,3.953,3.888
3.193,3.181,2.924,3.268,3.642,3.608,3.773,3.962,3.955,3.994,3.974,3.857,3.808,3.896,3.806,3.923,3.946,3.985,3.935,3.961,3.991,4.075,4.217,4.292,4.251,4.234,4.229,4.226,4.175,4.091,4.029,4.048,4.303,4.363,4.441,4.459,4.467,4.469,4.507,4.533,4.508,4.487,4.382,4.305,4.231,4.189,4.206,4.295,4.435,4.635,4.756,4.781,4.819,4.929,4.929,4.867,4.852,4.851,4.797,4.838,4.867,5.078,5.229,5.304,5.319,5.413,5.459,5.549,5.668,5.719,5.696,5.62,5.615,5.592,5.581,5.293,5.213,5.325,5.372,5.393,5.415,5.44,5.451,5.452,5.431,5.445,5.345,5.295,5.402,5.33,5.248,5.237,5.187,5.177,5.094,5.052,5.07,5.079,4.999,5.001,4.963,4.95,4.953,4.938,4.371,4.688,4.934,4.758,4.497,4.454,4.506,4.437,4.447,4.257,4.287,4.148,4.227,3.979,3.875,3.861,3.926,3.849
3.438,3.294,3.086,3.429,3.775,3.689,3.818,3.985,3.994,4.019,3.994,3.914,3.868,3.935,3.854,3.978,3.981,4.006,3.969,3.989,4.01,4.094,4.227,4.293,4.259,4.243,4.236,4.247,4.195,4.108,4.046,4.066,4.317,4.365,4.438,4.454,4.476,4.477,4.51,4.541,4.539,4.521,4.392,4.336,4.254,4.231,4.242,4.306,4.442,4.642,4.754,4.767,4.811,4.912,4.931,4.869,4.863,4.856,4.826,4.846,4.866,5.077,5.229,5.295,5.302,5.412,5.461,5.547,5.664,5.722,5.696,5.624,5.619,5.597,5.563,5.263,5.188,5.322,5.373,5.389,5.414,5.443,5.45,5.457,5.445,5.459,5.243,5.143,5.411,5.331,5.261,5.24,5.201,5.181,5.108,5.059,5.085,5.082,5.01,5.022,4.982,4.976,4.968,4.911,4.347,4.584,4.794,4.746,4.504,4.448,4.476,4.437,4.439,4.185,4.254,4.121,4.226,3.926,3.862,3.845,3.889,3.806
3.627,3.371,3.253,3.567,3.855,3.764,3.862,4.003,4.021,4.043,4.003,3.935,3.904,3.982,3.911,4.035,4.017,4.029,4.016,4.02,4.034,4.108,4.23,4.291,4.259,4.248,4.243,4.258,4.195,4.119,4.066,4.08,4.332,4.368,4.429,4.452,4.476,4.479,4.512,4.547,4.563,4.547,4.416,4.369,4.291,4.26,4.256,4.317,4.436,4.643,4.753,4.747,4.798,4.89,4.928,4.858,4.859,4.863,4.84,4.857,4.859,5.066,5.228,5.284,5.287,5.403,5.461,5.543,5.661,5.69,5.675,5.626,5.624,5.601,5.547,5.25,5.178,5.328,5.374,5.389,5.413,5.429,5.449,5.463,5.462,5.461,5.076,4.973,5.412,5.329,5.28,5.245,5.216,5.186,5.123,5.074,5.101,5.086,5.022,5.042,5.009,5.009,4.983,4.882,4.328,4.548,4.666,4.693,4.485,4.439,4.438,4.433,4.423,4.112,4.175,4.102,4.203,3.88,3.854,3.827,3.835,3.781
3.752,3.403,3.33,3.638,3.919,3.831,3.893,4.014,4.057,4.057,3.993,3.938,3.938,4.03,3.97,4.104,4.037,4.057,4.044,4.048,4.047,4.117,4.227,4.285,4.252,4.246,4.253,4.255,4.187,4.119,4.078,4.09,4.342,4.366,4.419,4.443,4.475,4.478,4.51,4.561,4.577,4.566,4.455,4.388,4.318,4.266,4.274,4.32,4.42,4.633,4.76,4.732,4.778,4.876,4.915,4.85,4.853,4.866,4.853,4.868,4.849,5.055,5.216,5.269,5.271,5.398,5.46,5.539,5.662,5.644,5.645,5.627,5.623,5.6,5.527,5.252,5.188,5.333,5.373,5.393,5.387,5.362,5.446,5.469,5.481,5.424,4.878,4.841,5.389,5.334,5.294,5.247,5.23,5.196,5.134,5.092,5.118,5.094,5.03,5.058,5.034,5.038,5.006,4.858,4.325,4.501,4.615,4.606,4.451,4.422,4.391,4.426,4.385,4.036,4.083,4.072,4.172,3.841,3.861,3.812,3.757,3.754
3.835,3.338,3.239,3.613,3.964,3.89,3.904,4.023,4.079,4.065,3.994,3.942,4.002,4.085,4.023,4.172,4.068,4.077,4.07,4.054,4.056,4.12,4.21,4.274,4.23,4.243,4.262,4.245,4.187,4.131,4.086,4.095,4.342,4.358,4.408,4.43,4.473,4.474,4.503,4.571,4.586,4.59,4.468,4.41,4.348,4.266,4.28,4.313,4.395,4.627,4.756,4.71,4.75,4.857,4.893,4.834,4.844,4.859,4.862,4.875,4.843,5.049,5.2,5.243,5.254,5.397,5.459,5.53,5.66,5.624,5.633,5.625,5.618,5.596,5.495,5.251,5.19,5.335,5.371,5.391,5.306,5.192,5.447,5.467,5.493,5.32,4.683,4.73,5.347,5.348,5.309,5.249,5.24,5.21,5.141,5.119,5.141,5.107,5.032,5.072,5.051,5.061,5.034,4.845,4.325,4.436,4.549,4.531,4.417,4.402,4.343,4.409,4.353,3.97,4.03,4.045,4.139,3.815,3.872,3.802,3.686,3.727
3.88,3.443,2.994,3.532,3.986,3.941,3.891,4.029,4.094,4.061,3.981,3.954,4.085,4.135,4.081,4.208,4.099,4.076,4.075,4.053,4.066,4.116,4.187,4.253,4.202,4.232,4.262,4.23,4.171,4.13,4.095,4.095,4.334,4.347,4.396,4.416,4.471,4.469,4.496,4.568,4.594,4.604,4.485,4.418,4.363,4.276,4.291,4.306,4.371,4.606,4.742,4.68,4.709,4.821,4.869,4.815,4.833,4.841,4.865,4.872,4.847,5.029,5.179,5.214,5.234,5.391,5.46,5.515,5.663,5.603,5.603,5.611,5.609,5.589,5.479,5.254,5.19,5.322,5.37,5.382,5.191,5.009,5.437,5.446,5.495,5.246,4.611,4.646,5.272,5.336,5.301,5.246,5.249,5.228,5.153,5.161,5.168,5.125,5.039,5.083,5.055,5.064,5.062,4.848,4.325,4.381,4.443,4.452,4.4,4.403,4.294,4.375,4.346,3.908,3.999,4.018,4.101,3.797,3.878,3.792,3.638,3.7
3.904,3.7,2.76,3.411,3.988,3.971,3.85,4.034,4.103,4.049,3.974,3.975,4.17,4.178,4.137,4.22,4.159,4.074,4.061,4.051,4.08,4.109,4.173,4.242,4.167,4.209,4.253,4.214,4.177,4.144,4.101,4.093,4.33,4.331,4.383,4.403,4.463,4.465,4.491,4.569,4.611,4.607,4.524,4.43,4.372,4.275,4.309,4.307,4.337,4.571,4.722,4.639,4.671,4.781,4.853,4.805,4.824,4.836,4.865,4.867,4.86,5.005,5.156,5.186,5.213,5.386,5.463,5.498,5.669,5.589,5.58,5.608,5.602,5.576,5.465,5.255,5.19,5.294,5.35,5.359,5.023,4.851,5.408,5.411,5.49,5.176,4.572,4.567,5.175,5.293,5.278,5.242,5.255,5.25,5.168,5.193,5.198,5.146,5.042,5.091,5.045,5.021,5.093,4.856,4.326,4.329,4.319,4.364,4.407,4.412,4.251,4.315,4.337,3.846,3.944,3.963,4.058,3.784,3.879,3.784,3.6,3.677
3.917,3.86,2.606,3.261,3.966,3.97,3.778,4.039,4.108,4.036,3.981,3.992,4.256,4.211,4.194,4.228,4.211,4.075,4.047,4.049,4.084,4.108,4.181,4.234,4.132,4.187,4.238,4.213,4.19,4.177,4.103,4.099,4.321,4.314,4.367,4.393,4.447,4.455,4.485,4.575,4.645,4.623,4.578,4.465,4.384,4.281,4.328,4.321,4.337,4.544,4.699,4.579,4.619,4.743,4.839,4.785,4.819,4.829,4.863,4.875,4.891,4.982,5.137,5.16,5.201,5.382,5.463,5.488,5.672,5.581,5.557,5.596,5.601,5.563,5.452,5.255,5.194,5.271,5.306,5.318,4.906,4.687,5.363,5.384,5.476,5.06,4.556,4.464,5.097,5.207,5.177,5.243,5.26,5.269,5.19,5.188,5.214,5.166,5.038,5.096,5.035,4.948,5.127,4.862,4.327,4.288,4.209,4.295,4.438,4.425,4.212,4.234,4.315,3.784,3.861,3.887,4.011,3.77,3.869,3.775,3.577,3.657
3.924,3.95,2.524,3.118,3.909,3.934,3.702,4.046,4.108,4.028,3.986,4.012,4.328,4.229,4.249,4.241,4.233,4.088,4.026,4.047,4.086,4.119,4.204,4.218,4.095,4.173,4.221,4.237,4.207,4.221,4.095,4.109,4.31,4.302,4.354,4.387,4.432,4.441,4.486,4.592,4.697,4.675,4.659,4.517,4.433,4.319,4.356,4.331,4.352,4.516,4.662,4.526,4.573,4.703,4.816,4.77,4.819,4.833,4.866,4.886,4.925,4.963,5.126,5.13,5.186,5.382,5.461,5.479,5.669,5.582,5.546,5.58,5.601,5.563,5.439,5.255,5.198,5.254,5.259,5.267,4.815,4.574,5.291,5.355,5.444,4.961,4.547,4.38,4.944,5.075,5.059,5.245,5.265,5.284,5.218,5.154,5.202,5.183,5.027,5.096,5.037,4.874,5.152,4.867,4.327,4.254,4.14,4.25,4.49,4.434,4.173,4.187,4.268,3.747,3.795,3.827,3.974,3.756,3.852,3.767,3.566,3.641
3.927,3.997,2.532,3,3.814,3.861,3.678,4.044,4.106,4.017,3.984,4.041,4.375,4.249,4.289,4.278,4.254,4.128,4.007,4.055,4.095,4.132,4.242,4.21,4.062,4.165,4.214,4.285,4.236,4.26,4.086,4.121,4.302,4.296,4.349,4.382,4.419,4.43,4.49,4.616,4.751,4.755,4.758,4.595,4.498,4.389,4.385,4.347,4.387,4.49,4.608,4.492,4.541,4.665,4.797,4.771,4.818,4.849,4.876,4.905,4.947,4.952,5.108,5.098,5.178,5.38,5.457,5.474,5.669,5.58,5.54,5.575,5.6,5.57,5.43,5.254,5.203,5.24,5.212,5.203,4.714,4.483,5.166,5.29,5.405,4.899,4.538,4.345,4.771,4.922,4.944,5.237,5.264,5.294,5.249,5.114,5.167,5.191,5.036,5.096,5.042,4.789,5.147,4.883,4.328,4.229,4.104,4.218,4.511,4.432,4.136,4.184,4.202,3.719,3.749,3.793,3.946,3.744,3.836,3.761,3.56,3.624
3.929,4.008,2.617,2.919,3.688,3.763,3.714,4.036,4.102,4.001,3.98,4.068,4.399,4.25,4.316,4.347,4.307,4.186,4.003,4.08,4.112,4.141,4.299,4.21,4.056,4.172,4.228,4.321,4.285,4.284,4.094,4.127,4.294,4.293,4.342,4.384,4.412,4.428,4.501,4.638,4.797,4.84,4.831,4.686,4.553,4.468,4.403,4.409,4.462,4.469,4.552,4.474,4.524,4.638,4.773,4.784,4.819,4.877,4.89,4.928,4.964,4.949,5.088,5.078,5.18,5.379,5.454,5.47,5.669,5.578,5.54,5.573,5.596,5.575,5.421,5.254,5.206,5.229,5.178,5.153,4.615,4.425,5.037,5.187,5.354,4.844,4.527,4.335,4.627,4.804,4.811,5.203,5.253,5.287,5.273,5.021,5.101,5.187,5.063,5.089,5.037,4.688,5.092,4.892,4.328,4.211,4.081,4.177,4.507,4.422,4.101,4.185,4.115,3.695,3.717,3.774,3.907,3.724,3.826,3.755,3.556,3.609
3.929,3.998,2.703,2.873,3.541,3.654,3.766,4.03,4.1,3.993,3.976,4.086,4.4,4.233,4.347,4.401,4.375,4.246,4.022,4.126,4.135,4.148,4.354,4.251,4.088,4.193,4.249,4.352,4.316,4.296,4.107,4.128,4.286,4.295,4.346,4.393,4.419,4.443,4.519,4.671,4.831,4.929,4.894,4.76,4.637,4.534,4.428,4.486,4.537,4.457,4.506,4.473,4.523,4.63,4.746,4.808,4.836,4.911,4.899,4.958,4.991,4.947,5.075,5.068,5.181,5.38,5.454,5.462,5.668,5.575,5.542,5.577,5.591,5.584,5.414,5.253,5.208,5.221,5.139,5.092,4.563,4.378,4.913,5.076,5.284,4.803,4.514,4.335,4.535,4.713,4.698,5.147,5.224,5.251,5.282,4.897,5,5.167,5.088,5.079,5.021,4.586,4.974,4.851,4.328,4.199,4.053,4.112,4.5,4.409,4.071,4.169,4.039,3.683,3.695,3.762,3.839,3.702,3.822,3.747,3.555,3.595
3.928,3.984,2.771,2.856,3.398,3.57,3.815,4.028,4.096,3.996,3.98,4.108,4.388,4.201,4.371,4.422,4.445,4.304,4.059,4.184,4.175,4.155,4.406,4.32,4.13,4.223,4.273,4.4,4.347,4.303,4.115,4.136,4.279,4.306,4.36,4.41,4.438,4.465,4.543,4.715,4.856,5.003,4.977,4.808,4.731,4.583,4.472,4.558,4.606,4.474,4.487,4.488,4.535,4.636,4.74,4.84,4.866,4.951,4.908,4.996,5.034,4.946,5.066,5.07,5.18,5.383,5.458,5.454,5.665,5.573,5.544,5.583,5.588,5.596,5.415,5.252,5.209,5.214,5.109,5.006,4.516,4.332,4.794,4.963,5.196,4.767,4.501,4.339,4.469,4.603,4.633,5.068,5.179,5.187,5.28,4.797,4.868,5.131,5.098,5.067,4.993,4.5,4.81,4.748,4.326,4.187,4.015,4.037,4.489,4.393,4.048,4.137,3.977,3.678,3.68,3.754,3.766,3.683,3.819,3.739,3.554,3.586
3.927,3.974,2.804,2.861,3.288,3.528,3.848,4.026,4.073,3.995,3.986,4.118,4.375,4.156,4.391,4.436,4.52,4.387,4.108,4.261,4.232,4.168,4.434,4.379,4.173,4.261,4.306,4.451,4.387,4.308,4.119,4.146,4.273,4.322,4.386,4.431,4.464,4.494,4.577,4.753,4.876,5.077,5.068,4.869,4.807,4.633,4.532,4.619,4.672,4.521,4.492,4.518,4.557,4.655,4.754,4.882,4.901,4.992,4.923,5.043,5.089,4.947,5.063,5.077,5.182,5.386,5.467,5.454,5.663,5.573,5.545,5.577,5.582,5.604,5.418,5.251,5.206,5.208,5.086,4.883,4.488,4.285,4.684,4.852,5.089,4.734,4.489,4.34,4.406,4.468,4.546,4.981,5.107,5.116,5.25,4.66,4.699,5.08,5.085,5.057,4.954,4.422,4.632,4.627,4.325,4.171,3.973,3.988,4.473,4.375,4.032,4.096,3.926,3.674,3.658,3.744,3.703,3.671,3.816,3.733,3.554,3.581
3.924,3.966,2.821,2.877,3.217,3.52,3.846,4.025,4.037,3.984,3.996,4.124,4.359,4.102,4.418,4.452,4.587,4.518,4.181,4.359,4.301,4.19,4.447,4.484,4.231,4.31,4.345,4.508,4.423,4.314,4.121,4.163,4.271,4.34,4.417,4.453,4.489,4.527,4.609,4.782,4.895,5.152,5.132,4.938,4.873,4.687,4.606,4.692,4.776,4.587,4.516,4.552,4.587,4.685,4.784,4.924,4.938,5.034,4.955,5.114,5.138,4.95,5.064,5.084,5.191,5.39,5.474,5.459,5.66,5.572,5.545,5.553,5.569,5.597,5.414,5.249,5.199,5.2,5.066,4.786,4.466,4.241,4.576,4.75,4.964,4.7,4.476,4.341,4.356,4.363,4.422,4.881,4.994,5.024,5.183,4.52,4.542,5.015,5.049,5.053,4.905,4.349,4.462,4.519,4.324,4.155,3.943,3.969,4.459,4.352,4.021,4.053,3.887,3.669,3.63,3.734,3.657,3.666,3.814,3.728,3.553,3.579
3.921,3.961,2.834,2.897,3.173,3.529,3.834,4.021,4.015,3.987,4.012,4.134,4.347,4.052,4.449,4.478,4.639,4.66,4.304,4.48,4.369,4.215,4.454,4.585,4.291,4.372,4.394,4.579,4.456,4.326,4.121,4.184,4.27,4.365,4.45,4.479,4.514,4.571,4.638,4.814,4.927,5.224,5.195,5.003,4.929,4.754,4.679,4.821,4.919,4.688,4.567,4.592,4.625,4.732,4.826,4.961,4.983,5.078,5.005,5.213,5.166,4.955,5.062,5.091,5.202,5.396,5.48,5.466,5.656,5.571,5.547,5.512,5.545,5.569,5.403,5.248,5.187,5.191,5.046,4.723,4.442,4.207,4.456,4.658,4.829,4.66,4.461,4.344,4.316,4.308,4.314,4.748,4.86,4.905,5.08,4.443,4.415,4.931,5.003,5.051,4.85,4.293,4.312,4.405,4.324,4.142,3.932,3.963,4.451,4.325,4.009,4.013,3.858,3.661,3.611,3.721,3.618,3.664,3.813,3.725,3.553,3.579
3.918,3.958,2.843,2.922,3.146,3.538,3.826,4.007,4.007,4.002,4.031,4.145,4.344,4.013,4.488,4.518,4.711,4.795,4.497,4.652,4.439,4.24,4.472,4.672,4.362,4.463,4.472,4.659,4.493,4.35,4.12,4.209,4.274,4.407,4.483,4.51,4.54,4.617,4.685,4.856,4.986,5.277,5.24,5.061,4.968,4.84,4.743,4.986,5.081,4.804,4.634,4.638,4.683,4.788,4.872,5.002,5.031,5.123,5.069,5.313,5.189,4.962,5.061,5.097,5.211,5.402,5.484,5.481,5.652,5.569,5.55,5.466,5.505,5.521,5.391,5.245,5.172,5.174,5.024,4.695,4.418,4.183,4.347,4.574,4.696,4.624,4.451,4.347,4.282,4.283,4.253,4.609,4.73,4.78,4.956,4.417,4.328,4.822,4.949,5.049,4.79,4.256,4.2,4.285,4.323,4.128,3.928,3.962,4.447,4.296,3.991,3.978,3.834,3.656,3.601,3.706,3.597,3.662,3.812,3.723,3.552,3.578
3.914,3.957,2.853,2.953,3.139,3.538,3.815,3.988,4.004,4.02,4.052,4.163,4.349,3.999,4.532,4.578,4.806,4.946,4.705,4.81,4.519,4.259,4.51,4.727,4.474,4.571,4.568,4.75,4.547,4.372,4.121,4.236,4.285,4.47,4.508,4.549,4.572,4.656,4.733,4.902,5.039,5.312,5.248,5.106,5.004,4.891,4.817,5.162,5.236,4.928,4.712,4.688,4.75,4.849,4.919,5.042,5.078,5.168,5.144,5.388,5.224,4.973,5.065,5.104,5.221,5.408,5.491,5.497,5.649,5.567,5.552,5.42,5.449,5.476,5.38,5.243,5.155,5.137,4.997,4.68,4.403,4.168,4.263,4.494,4.573,4.592,4.444,4.347,4.255,4.275,4.224,4.473,4.62,4.638,4.819,4.406,4.272,4.68,4.877,5.047,4.729,4.234,4.144,4.206,4.322,4.11,3.927,3.962,4.443,4.266,3.962,3.944,3.812,3.655,3.597,3.694,3.592,3.661,3.811,3.721,3.552,3.578
3.909,3.956,2.865,2.992,3.159,3.531,3.806,3.974,4.005,4.032,4.075,4.187,4.354,4.026,4.575,4.654,4.896,5.063,4.835,4.85,4.588,4.273,4.549,4.735,4.594,4.637,4.667,4.837,4.618,4.394,4.121,4.259,4.299,4.542,4.518,4.589,4.606,4.687,4.786,4.935,5.067,5.337,5.257,5.157,5.025,4.91,4.934,5.327,5.338,5.083,4.8,4.722,4.795,4.904,4.969,5.078,5.125,5.217,5.23,5.445,5.265,4.989,5.075,5.116,5.23,5.413,5.501,5.508,5.647,5.565,5.551,5.377,5.387,5.435,5.368,5.241,5.138,5.08,4.969,4.672,4.394,4.157,4.198,4.419,4.467,4.566,4.44,4.342,4.238,4.27,4.204,4.34,4.525,4.478,4.682,4.396,4.235,4.525,4.803,5.045,4.668,4.22,4.125,4.178,4.322,4.095,3.926,3.961,4.438,4.236,3.924,3.913,3.798,3.655,3.594,3.69,3.59,3.66,3.81,3.719,3.551,3.578
3.904,3.957,2.881,3.036,3.198,3.524,3.799,3.968,4.014,4.035,4.094,4.208,4.354,4.077,4.604,4.718,4.945,5.075,4.773,4.812,4.614,4.283,4.572,4.703,4.623,4.656,4.736,4.934,4.71,4.418,4.121,4.276,4.315,4.594,4.521,4.619,4.621,4.709,4.825,4.95,5.065,5.37,5.285,5.195,5.053,4.921,5.089,5.455,5.407,5.241,4.872,4.747,4.815,4.956,5.029,5.115,5.177,5.277,5.321,5.51,5.306,5.008,5.093,5.135,5.235,5.416,5.51,5.514,5.647,5.563,5.545,5.335,5.331,5.387,5.354,5.239,5.129,5.02,4.944,4.669,4.389,4.148,4.145,4.35,4.38,4.545,4.437,4.335,4.227,4.266,4.185,4.244,4.431,4.33,4.563,4.385,4.214,4.395,4.74,5.041,4.607,4.212,4.121,4.172,4.321,4.089,3.925,3.961,4.433,4.21,3.89,3.888,3.794,3.654,3.593,3.689,3.589,3.659,3.81,3.718,3.55,3.577
3.899,3.958,2.903,3.08,3.24,3.516,3.794,3.965,4.027,4.031,4.109,4.229,4.348,4.152,4.621,4.768,4.916,4.955,4.625,4.755,4.601,4.287,4.582,4.666,4.594,4.665,4.765,5.067,4.837,4.443,4.121,4.293,4.333,4.625,4.518,4.646,4.622,4.711,4.847,4.956,5.061,5.419,5.327,5.251,5.118,4.961,5.259,5.563,5.461,5.367,4.932,4.771,4.828,5.025,5.106,5.164,5.235,5.352,5.414,5.568,5.346,5.028,5.112,5.161,5.238,5.416,5.515,5.516,5.647,5.561,5.53,5.291,5.293,5.339,5.34,5.238,5.125,4.965,4.922,4.667,4.387,4.137,4.103,4.291,4.317,4.531,4.436,4.328,4.215,4.263,4.169,4.187,4.343,4.228,4.473,4.375,4.206,4.303,4.691,5.033,4.539,4.206,4.119,4.17,4.32,4.088,3.925,3.961,4.429,4.192,3.867,3.869,3.793,3.653,3.592,3.688,3.588,3.658,3.809,3.717,3.55,3.577
3.893,3.957,2.931,3.12,3.272,3.51,3.795,3.962,4.034,4.02,4.125,4.25,4.337,4.216,4.639,4.809,4.871,4.776,4.461,4.751,4.613,4.283,4.583,4.641,4.533,4.679,4.803,5.29,4.989,4.461,4.12,4.312,4.35,4.652,4.51,4.671,4.63,4.699,4.862,4.964,5.089,5.487,5.375,5.322,5.233,5.086,5.464,5.661,5.511,5.45,5,4.812,4.859,5.118,5.202,5.267,5.317,5.459,5.527,5.61,5.389,5.047,5.129,5.187,5.238,5.415,5.519,5.515,5.65,5.556,5.504,5.248,5.27,5.31,5.33,5.237,5.121,4.921,4.907,4.666,4.386,4.128,4.073,4.242,4.277,4.522,4.434,4.321,4.203,4.261,4.16,4.156,4.27,4.173,4.408,4.368,4.203,4.24,4.655,5.021,4.47,4.202,4.118,4.169,4.32,4.087,3.924,3.96,4.424,4.182,3.855,3.856,3.792,3.652,3.591,3.687,3.587,3.656,3.808,3.716,3.549,3.576
3.885,3.955,2.966,3.159,3.29,3.507,3.804,3.961,4.027,4.008,4.146,4.274,4.319,4.275,4.684,4.865,4.86,4.622,4.359,4.838,4.705,4.267,4.577,4.636,4.481,4.74,4.964,5.701,5.133,4.474,4.12,4.332,4.37,4.692,4.503,4.686,4.658,4.677,4.874,4.982,5.157,5.566,5.428,5.399,5.427,5.32,5.76,5.763,5.563,5.501,5.084,4.886,4.931,5.22,5.307,5.443,5.462,5.624,5.676,5.643,5.444,5.066,5.141,5.209,5.237,5.413,5.52,5.515,5.656,5.551,5.47,5.211,5.248,5.282,5.318,5.237,5.118,4.891,4.9,4.665,4.384,4.122,4.053,4.21,4.259,4.515,4.433,4.315,4.192,4.259,4.158,4.14,4.222,4.148,4.36,4.363,4.203,4.195,4.631,5.007,4.408,4.2,4.118,4.167,4.319,4.087,3.924,3.96,4.42,4.177,3.85,3.848,3.79,3.651,3.59,3.686,3.585,3.655,3.808,3.714,3.549,3.576
3.876,3.953,2.998,3.202,3.299,3.508,3.809,3.962,4.016,4.004,4.173,4.299,4.302,4.349,4.775,4.984,4.906,4.548,4.381,5.022,4.895,4.248,4.565,4.665,4.494,4.927,5.342,6.199,5.266,4.481,4.12,4.351,4.394,4.76,4.508,4.696,4.707,4.654,4.894,5.021,5.277,5.635,5.473,5.5,5.69,5.655,6.128,5.871,5.614,5.53,5.185,5.007,5.065,5.334,5.413,5.726,5.702,5.879,5.831,5.662,5.538,5.095,5.15,5.229,5.239,5.412,5.521,5.515,5.661,5.545,5.431,5.19,5.236,5.253,5.3,5.236,5.116,4.876,4.896,4.663,4.383,4.119,4.043,4.196,4.253,4.511,4.431,4.31,4.185,4.257,4.156,4.136,4.195,4.14,4.328,4.36,4.203,4.164,4.619,4.993,4.365,4.199,4.117,4.166,4.318,4.086,3.923,3.96,4.416,4.173,3.847,3.843,3.789,3.65,3.589,3.685,3.584,3.654,3.807,3.713,3.548,3.576
3.863,3.951,3.023,3.26,3.305,3.521,3.808,3.965,4.008,4.03,4.205,4.332,4.302,4.458,4.898,5.201,5.062,4.583,4.549,5.292,5.17,4.231,4.567,4.755,4.631,5.262,5.803,6.608,5.396,4.484,4.12,4.364,4.437,4.862,4.543,4.72,4.764,4.651,4.941,5.097,5.468,5.676,5.501,5.648,6.018,6.104,6.416,5.969,5.658,5.545,5.331,5.186,5.241,5.455,5.532,6.067,5.967,6.15,5.95,5.659,5.693,5.137,5.156,5.253,5.246,5.411,5.523,5.515,5.667,5.536,5.382,5.182,5.234,5.224,5.27,5.235,5.114,4.875,4.894,4.661,4.381,4.117,4.04,4.195,4.255,4.508,4.43,4.306,4.181,4.256,4.155,4.138,4.18,4.138,4.311,4.359,4.204,4.147,4.614,4.982,4.341,4.199,4.116,4.165,4.317,4.085,3.923,3.959,4.412,4.171,3.846,3.841,3.788,3.649,3.588,3.684,3.583,3.653,3.806,3.711,3.547,3.575
3.843,3.938,3.04,3.318,3.298,3.534,3.801,3.948,3.984,4.079,4.23,4.37,4.335,4.573,4.967,5.465,5.385,4.794,4.871,5.566,5.39,4.221,4.601,4.901,4.872,5.57,5.94,6.739,5.503,4.485,4.12,4.371,4.493,4.964,4.611,4.775,4.811,4.685,5.024,5.2,5.666,5.696,5.478,5.794,6.229,6.407,6.422,6.056,5.687,5.535,5.498,5.335,5.39,5.524,5.652,6.217,5.972,6.127,5.948,5.647,5.816,5.161,5.162,5.277,5.256,5.412,5.527,5.515,5.674,5.523,5.306,5.141,5.207,5.194,5.229,5.234,5.112,4.879,4.891,4.658,4.379,4.116,4.039,4.196,4.259,4.506,4.428,4.302,4.178,4.255,4.154,4.138,4.174,4.138,4.304,4.357,4.204,4.141,4.613,4.976,4.332,4.198,4.116,4.163,4.316,4.085,3.922,3.959,4.409,4.169,3.846,3.84,3.786,3.647,3.586,3.682,3.581,3.651,3.805,3.709,3.546,3.574
3.83,3.904,3.043,3.308,3.273,3.513,3.781,3.897,3.916,4.08,4.233,4.385,4.381,4.627,4.942,5.538,5.743,5.159,5.127,5.568,5.265,4.217,4.591,4.981,4.996,5.533,5.501,6.443,5.564,4.485,4.119,4.372,4.5,4.951,4.641,4.771,4.816,4.714,5.042,5.205,5.614,5.681,5.356,5.749,5.811,5.988,6.097,6.103,5.684,5.463,5.458,5.273,5.316,5.434,5.571,6.012,5.598,5.733,5.779,5.623,5.799,5.177,5.166,5.294,5.266,5.413,5.529,5.515,5.674,5.507,5.24,5.035,5.151,5.167,5.206,5.233,5.11,4.871,4.888,4.655,4.376,4.114,4.036,4.196,4.261,4.504,4.426,4.299,4.177,4.253,4.153,4.132,4.172,4.137,4.301,4.355,4.203,4.14,4.611,4.973,4.328,4.198,4.115,4.161,4.314,4.084,3.921,3.958,4.406,4.166,3.845,3.84,3.784,3.646,3.584,3.681,3.578,3.649,3.804,3.707,3.545,3.573
